{"cameraMode":{"drawMode":0,"name":"Shaded","section":"Shading Mode"},"sceneLighting":false,"audioPlay":false,"sceneViewState":{"showFog":true,"showMaterialUpdate":false,"showSkybox":false,"showFlares":true,"showImageEffects":true,"showParticleSystems":true},"in2DMode":false,"pivot":{"x":18.500001907348634,"y":24.999984741210939,"z":0.0},"rotation":{"x":0.008348250761628151,"y":0.7004547119140625,"z":-0.008194838650524617,"w":0.7136032581329346},"size":30.664873123168947,"orthographic":true}