{"cameraMode":{"drawMode":0,"name":"Shaded","section":"Shading Mode"},"sceneLighting":false,"audioPlay":false,"sceneViewState":{"showFog":true,"showMaterialUpdate":false,"showSkybox":false,"showFlares":true,"showImageEffects":true,"showParticleSystems":true},"in2DMode":false,"pivot":{"x":-8.145502090454102,"y":1.125,"z":-3.875002145767212},"rotation":{"x":0.657076895236969,"y":0.021925218403339387,"z":-0.019126955419778825,"w":0.7532694935798645},"size":29.997474670410158,"orthographic":false}