{"cameraMode":{"drawMode":0,"name":"Shaded","section":"Shading Mode"},"sceneLighting":false,"audioPlay":false,"sceneViewState":{"showFog":true,"showMaterialUpdate":false,"showSkybox":false,"showFlares":true,"showImageEffects":true,"showParticleSystems":true},"in2DMode":false,"pivot":{"x":18.500001907348634,"y":24.999984741210939,"z":0.0},"rotation":{"x":0.003826537635177374,"y":0.7053993940353394,"z":-0.0038081007078289987,"w":0.7087911367416382},"size":28.26199722290039,"orthographic":true}