{"cameraMode":{"drawMode":0,"name":"Shaded","section":"Shading Mode"},"sceneLighting":false,"audioPlay":false,"sceneViewState":{"showFog":true,"showMaterialUpdate":false,"showSkybox":false,"showFlares":true,"showImageEffects":true,"showParticleSystems":true},"in2DMode":false,"pivot":{"x":-0.000003337860107421875,"y":0.007615566253662109,"z":0.0},"rotation":{"x":-0.03228459879755974,"y":0.9566193222999573,"z":-0.2650711238384247,"w":-0.11651244759559632},"size":23.102703094482423,"orthographic":false}