{"cameraMode":{"drawMode":0,"name":"Shaded","section":"Shading Mode"},"sceneLighting":false,"audioPlay":false,"sceneViewState":{"showFog":true,"showMaterialUpdate":false,"showSkybox":false,"showFlares":true,"showImageEffects":true,"showParticleSystems":true},"in2DMode":false,"pivot":{"x":-134.39962768554688,"y":9.531583786010743,"z":1.2442245483398438},"rotation":{"x":0.00946593564003706,"y":-0.9699653387069702,"z":0.24014174938201905,"w":0.03812967985868454},"size":8.573651313781739,"orthographic":false}