{"cameraMode":{"drawMode":0,"name":"Shaded","section":"Shading Mode"},"sceneLighting":false,"audioPlay":false,"sceneViewState":{"showFog":true,"showMaterialUpdate":false,"showSkybox":false,"showFlares":true,"showImageEffects":true,"showParticleSystems":true},"in2DMode":false,"pivot":{"x":-1.0822534561157227,"y":1.4637718200683594,"z":4.188175201416016},"rotation":{"x":0.03613406792283058,"y":0.6775205135345459,"z":-0.03335929289460182,"w":0.7338616251945496},"size":57.23447799682617,"orthographic":false}