{"cameraMode":{"drawMode":0,"name":"Shaded","section":"Shading Mode"},"sceneLighting":false,"audioPlay":false,"sceneViewState":{"showFog":true,"showMaterialUpdate":false,"showSkybox":false,"showFlares":true,"showImageEffects":true,"showParticleSystems":true},"in2DMode":false,"pivot":{"x":-4.234615325927734,"y":1.8532907962799073,"z":-21.286739349365236},"rotation":{"x":0.657076895236969,"y":0.021925218403339387,"z":-0.019126955419778825,"w":0.7532694935798645},"size":21.556339263916017,"orthographic":false}