{"cameraMode":{"drawMode":0,"name":"Shaded","section":"Shading Mode"},"sceneLighting":false,"audioPlay":false,"sceneViewState":{"showFog":true,"showMaterialUpdate":false,"showSkybox":false,"showFlares":true,"showImageEffects":true,"showParticleSystems":true},"in2DMode":false,"pivot":{"x":35.43788528442383,"y":0.0,"z":-4.779999732971191},"rotation":{"x":-0.003900522366166115,"y":-0.014699672348797322,"z":-0.00006914768891874701,"w":0.9998900890350342},"size":23.334665298461915,"orthographic":false}