{"cameraMode":{"drawMode":0,"name":"Shaded","section":"Shading Mode"},"sceneLighting":false,"audioPlay":false,"sceneViewState":{"showFog":true,"showMaterialUpdate":false,"showSkybox":false,"showFlares":true,"showImageEffects":true,"showParticleSystems":true},"in2DMode":false,"pivot":{"x":-1.507585048675537,"y":0.53973388671875,"z":1.6351876258850098},"rotation":{"x":0.5617114901542664,"y":-0.1422073096036911,"z":0.09873627871274948,"w":0.8090193271636963},"size":48.5496711730957,"orthographic":false}