{"cameraMode":{"drawMode":0,"name":"Shaded","section":"Shading Mode"},"sceneLighting":false,"audioPlay":false,"sceneViewState":{"showFog":true,"showMaterialUpdate":false,"showSkybox":false,"showFlares":true,"showImageEffects":true,"showParticleSystems":true},"in2DMode":false,"pivot":{"x":6.670000076293945,"y":2.0,"z":-53.72999954223633},"rotation":{"x":-0.6494889855384827,"y":-0.032593317329883578,"z":0.027885794639587404,"w":-0.7591620683670044},"size":19.700620651245118,"orthographic":true}