{"cameraMode":{"drawMode":0,"name":"Shaded","section":"Shading Mode"},"sceneLighting":false,"audioPlay":false,"sceneViewState":{"showFog":true,"showMaterialUpdate":false,"showSkybox":false,"showFlares":true,"showImageEffects":true,"showParticleSystems":true},"in2DMode":false,"pivot":{"x":-22.660953521728517,"y":2.8013486862182619,"z":12.71035099029541},"rotation":{"x":-0.003900522366166115,"y":-0.014699672348797322,"z":-0.00006914768891874701,"w":0.9998900890350342},"size":79.22781372070313,"orthographic":false}