{"cameraMode":{"drawMode":0,"name":"Shaded","section":"Shading Mode"},"sceneLighting":false,"audioPlay":false,"sceneViewState":{"showFog":true,"showMaterialUpdate":false,"showSkybox":false,"showFlares":true,"showImageEffects":true,"showParticleSystems":true},"in2DMode":false,"pivot":{"x":0.21975994110107423,"y":30.9759521484375,"z":-14.918933868408204},"rotation":{"x":-0.6494889855384827,"y":-0.032593317329883578,"z":0.027885794639587404,"w":-0.7591620683670044},"size":30.352445602416993,"orthographic":true}